<?xml version="1.0" encoding="UTF-8"?>
<project-private xmlns="http://www.netbeans.org/ns/project-private/1">
    <editor-bookmarks xmlns="http://www.netbeans.org/ns/editor-bookmarks/2" lastBookmarkId="0"/>
    <open-files xmlns="http://www.netbeans.org/ns/projectui-open-files/2">
        <group>
            <file>file:/C:/Users/Producer/Documents/NetBeansProjects/Challenge_01_06/src/challenge_01_06/Challenge_01_06.java</file>
            <file>file:/C:/Users/Producer/Documents/NetBeansProjects/Challenge_01_06/src/challenge_01_06/FXMLDocumentController.java</file>
            <file>file:/C:/Users/Producer/Documents/NetBeansProjects/Challenge_01_06/src/challenge_01_06/FXMLDocument.fxml</file>
        </group>
    </open-files>
</project-private>
